Treatments,Mean,SD,Group
Control,33.76183,9.309094,d
Control+F,30.91017,4.736428,d
WBC,61.31450,3.902867,c
WBC+F,79.80800,15.870726,b
BBC,122.75300,2.881036,a
BBC+F,130.69650,3.355393,a
PHBC,56.97050,3.355393,c
PHBC+F,62.30917,2.432429,c
